INSERT INTO public.aircompany (id,"name",country) VALUES
	 ('45ae4b4d-d40f-4868-b015-83697d35677e','Airline A','USA'),
	 ('9f8cf85b-156a-4df3-be0b-28cb31dfeb13','Airline B','UK'),
	 ('b36b7153-bacf-42e3-a90a-210d6eec23cf','Airline C','Australia'),
	 ('6dcc38bb-1c1a-4bef-8fe3-413bc7c40d8d','Airline D','Canada'),
	 ('4267c20a-75de-485f-a476-53657a8301ee','Airline E','Germany'),
	 ('bb63ad06-b1b7-48ba-b0ce-4bd0f9a6c00e','Airline F','France'),
	 ('c55ebf7b-68aa-40f1-8df7-c0c0c02df24e','Airline G','Japan'),
	 ('94edecf7-8e94-4a09-8075-1616c033058f','Airline H','China'),
	 ('5fcf8c56-99f1-4de4-ba63-6b138cbd2b96','UKRAVIA','UA'),
	 ('08ba2a51-8bc9-41e7-a9b6-8ac002919a95','GERAVIA','GER');

INSERT INTO public.airplane_model (id,"name",weight,economy_seats,business_seats) VALUES
	 ('aaf116df-9afc-4ef6-998a-e45d99b5535b','Model X',50000,150,50),
	 ('1b375e36-c6d8-4f00-9617-55792eee1210','Model Y',60000,180,60),
	 ('4b6b106e-b4c2-431f-b954-53eb447b1864','Model Z',70000,200,70);

INSERT INTO public.airplane (id,airplane_model_id,aircompany_id) VALUES
	 ('5b3cea1b-2caa-40b7-b650-497860e6fb34','aaf116df-9afc-4ef6-998a-e45d99b5535b','45ae4b4d-d40f-4868-b015-83697d35677e'),
	 ('0a15cea7-7aa8-40c2-9572-a324864f1ced','1b375e36-c6d8-4f00-9617-55792eee1210','45ae4b4d-d40f-4868-b015-83697d35677e'),
	 ('620a4c44-ec13-4759-a7a4-c013b8755d54','4b6b106e-b4c2-431f-b954-53eb447b1864','45ae4b4d-d40f-4868-b015-83697d35677e'),
	 ('53bd7957-79af-41be-91c5-3371ff147d6e','aaf116df-9afc-4ef6-998a-e45d99b5535b','9f8cf85b-156a-4df3-be0b-28cb31dfeb13'),
	 ('33f51e79-5121-4281-bb48-8b4c20532921','1b375e36-c6d8-4f00-9617-55792eee1210','9f8cf85b-156a-4df3-be0b-28cb31dfeb13'),
	 ('4ac6b17a-119a-4e94-8d61-46fe8841dc64','4b6b106e-b4c2-431f-b954-53eb447b1864','9f8cf85b-156a-4df3-be0b-28cb31dfeb13'),
	 ('b4121412-9faf-4b70-b496-b2c9eeea9183','aaf116df-9afc-4ef6-998a-e45d99b5535b','b36b7153-bacf-42e3-a90a-210d6eec23cf'),
	 ('1ee778cb-5851-4668-9f6d-6a909709da0c','1b375e36-c6d8-4f00-9617-55792eee1210','b36b7153-bacf-42e3-a90a-210d6eec23cf'),
	 ('65645d55-5787-4a38-8842-435d151453c2','4b6b106e-b4c2-431f-b954-53eb447b1864','b36b7153-bacf-42e3-a90a-210d6eec23cf'),
	 ('a2f14c0d-25ac-435c-b8bd-501a47938b45','aaf116df-9afc-4ef6-998a-e45d99b5535b','6dcc38bb-1c1a-4bef-8fe3-413bc7c40d8d');

INSERT INTO public.airport (id,city,"name",capacity,runway_num,country) VALUES
	 ('64e369f0-9950-4610-84b7-3bd3ad543647','City A','Airport A',10000,2,'USA'),
	 ('2796fc37-9304-4cec-952d-13bc1b7d4047','City B','Airport B',20000,3,'UK'),
	 ('c94512ce-f75a-41ad-b0e8-4d66efa7a660','City C','Airport C',30000,4,'Australia');

INSERT INTO public."user" (id,"name",login,email,"password",birthdate) VALUES
	 ('e6217e2a-5119-4f41-aab8-a32147683ce8','Vadim','admin','v.stepuroo@gmail.com','$2a$10$rguwjdhU.K72FIp4dLYyY.LwPPux58ePaVn/j33g9lVW3nt8E.P0e','2003-10-18'),
	 ('635477b2-150c-4c35-961e-be7fd452532e','Konstantin','user2','kkk@gmail.com','$2a$10$I2j9OOhXiQkVrp7kJpKZMO7g1wJeB6wux1s3IyPh73CY9zebdMXAK','2004-02-15'),
	 ('b0c6e5a5-59fd-4066-a724-de6f1b8747db','Ilya','user3','ilya@gmail.com','$2a$10$tETZy6cmriyTo5gecGhbceuxNo.Dl5C1Wez113n.5yGs4hH2o0YDu','2004-07-16'),
	 ('ac946ff1-4ccd-47ca-88db-667ddeea88e5','Yagor','user4','yagor@gmail.com','$2a$10$DVVTsURhBHR.U8mjedytC.gYAN/Nv4KjrVqon1ZtcTuGeSEByCuAa','2004-04-16');

INSERT INTO public.airplane (id,airplane_model_id,aircompany_id) VALUES
	 ('18b7b607-bd5e-4ce2-88a3-228d43365708','1b375e36-c6d8-4f00-9617-55792eee1210','6dcc38bb-1c1a-4bef-8fe3-413bc7c40d8d'),
	 ('23e3e50a-1f59-4d83-bdea-57f5f0552806','4b6b106e-b4c2-431f-b954-53eb447b1864','6dcc38bb-1c1a-4bef-8fe3-413bc7c40d8d'),
	 ('50ea0a2a-fdae-43cd-af16-72280aafc6c8','aaf116df-9afc-4ef6-998a-e45d99b5535b','4267c20a-75de-485f-a476-53657a8301ee'),
	 ('597ad0ca-c061-49bb-b44c-7ddfc7a083f2','1b375e36-c6d8-4f00-9617-55792eee1210','4267c20a-75de-485f-a476-53657a8301ee'),
	 ('50ace097-e47a-4934-bba8-9af813abb9b9','4b6b106e-b4c2-431f-b954-53eb447b1864','4267c20a-75de-485f-a476-53657a8301ee'),
	 ('10373913-348e-40a3-936c-62608d77478e','aaf116df-9afc-4ef6-998a-e45d99b5535b','bb63ad06-b1b7-48ba-b0ce-4bd0f9a6c00e'),
	 ('050c96a4-2759-4f18-9f68-896695999a74','1b375e36-c6d8-4f00-9617-55792eee1210','bb63ad06-b1b7-48ba-b0ce-4bd0f9a6c00e'),
	 ('e69dfe2e-a09f-44dc-ab9e-84d606bb96d4','4b6b106e-b4c2-431f-b954-53eb447b1864','bb63ad06-b1b7-48ba-b0ce-4bd0f9a6c00e'),
	 ('60f6325a-3a47-49f3-a13d-6ac741b88834','aaf116df-9afc-4ef6-998a-e45d99b5535b','c55ebf7b-68aa-40f1-8df7-c0c0c02df24e'),
	 ('f57e4c4f-dc58-4527-ae4e-ed8565836014','1b375e36-c6d8-4f00-9617-55792eee1210','c55ebf7b-68aa-40f1-8df7-c0c0c02df24e');

INSERT INTO public.airplane (id,airplane_model_id,aircompany_id) VALUES
	 ('600dd048-07ea-42cf-8019-14f017f1db60','4b6b106e-b4c2-431f-b954-53eb447b1864','c55ebf7b-68aa-40f1-8df7-c0c0c02df24e'),
	 ('07e53db9-3932-4332-80c6-7122d2dfdd5e','aaf116df-9afc-4ef6-998a-e45d99b5535b','94edecf7-8e94-4a09-8075-1616c033058f'),
	 ('9c217d80-4f98-4af3-aa34-b34914d13d52','1b375e36-c6d8-4f00-9617-55792eee1210','94edecf7-8e94-4a09-8075-1616c033058f'),
	 ('5d07aeec-16c7-4c87-9995-92189b8610b0','4b6b106e-b4c2-431f-b954-53eb447b1864','94edecf7-8e94-4a09-8075-1616c033058f');

INSERT INTO public.flight (id,airplane_id,arrival_airport_id,departure_airport_id,arrival_date,departure_date) VALUES
	 ('a8692d35-adcd-493f-99b8-1f98add4a524','5b3cea1b-2caa-40b7-b650-497860e6fb34','2796fc37-9304-4cec-952d-13bc1b7d4047','64e369f0-9950-4610-84b7-3bd3ad543647','2022-01-08 11:14:53.091','2022-01-08 07:58:45.672'),
	 ('a347cb19-dd4a-4ee3-a55f-0be9ace9b2c3','0a15cea7-7aa8-40c2-9572-a324864f1ced','2796fc37-9304-4cec-952d-13bc1b7d4047','64e369f0-9950-4610-84b7-3bd3ad543647','2022-12-09 15:05:03.297','2022-12-09 13:39:54.994'),
	 ('21370e22-443c-4625-afab-c05bc850921b','620a4c44-ec13-4759-a7a4-c013b8755d54','2796fc37-9304-4cec-952d-13bc1b7d4047','64e369f0-9950-4610-84b7-3bd3ad543647','2022-07-07 11:49:47.567','2022-07-07 02:45:24.289'),
	 ('d3e94bb3-51fe-4a7d-b323-82172b31c1f3','53bd7957-79af-41be-91c5-3371ff147d6e','2796fc37-9304-4cec-952d-13bc1b7d4047','64e369f0-9950-4610-84b7-3bd3ad543647','2024-04-25 22:42:51.612','2024-04-25 17:11:27.68'),
	 ('2b945395-3492-4b34-8ba4-3bfbacb73b21','33f51e79-5121-4281-bb48-8b4c20532921','2796fc37-9304-4cec-952d-13bc1b7d4047','64e369f0-9950-4610-84b7-3bd3ad543647','2023-10-08 11:38:55.729','2023-10-08 05:06:39.379'),
	 ('74d54d8e-bcac-4221-b6aa-d5c6c3c30e5c','4ac6b17a-119a-4e94-8d61-46fe8841dc64','2796fc37-9304-4cec-952d-13bc1b7d4047','64e369f0-9950-4610-84b7-3bd3ad543647','2022-07-10 22:49:52.448','2022-07-10 13:47:58.691'),
	 ('fe0633e6-e2b3-4def-99c5-dc003db77b8b','b4121412-9faf-4b70-b496-b2c9eeea9183','2796fc37-9304-4cec-952d-13bc1b7d4047','64e369f0-9950-4610-84b7-3bd3ad543647','2023-06-24 23:39:46.212','2023-06-24 23:24:27.242'),
	 ('96ea3707-5d07-4688-9ed5-b9c940c04d52','1ee778cb-5851-4668-9f6d-6a909709da0c','2796fc37-9304-4cec-952d-13bc1b7d4047','64e369f0-9950-4610-84b7-3bd3ad543647','2023-12-08 16:03:24.646','2023-12-08 15:30:05.612'),
	 ('48763305-8445-4e4f-80be-a6a25d6aee90','65645d55-5787-4a38-8842-435d151453c2','2796fc37-9304-4cec-952d-13bc1b7d4047','64e369f0-9950-4610-84b7-3bd3ad543647','2023-02-21 02:13:30.815','2023-02-20 18:47:21.265'),
	 ('2983bbd1-e983-4acf-ba18-558d6541c452','a2f14c0d-25ac-435c-b8bd-501a47938b45','2796fc37-9304-4cec-952d-13bc1b7d4047','64e369f0-9950-4610-84b7-3bd3ad543647','2022-05-16 16:29:37.851','2022-05-16 14:23:35.644');

INSERT INTO public.flight (id,airplane_id,arrival_airport_id,departure_airport_id,arrival_date,departure_date) VALUES
	 ('e01714a2-8921-4d5e-a470-bb24daa8c342','18b7b607-bd5e-4ce2-88a3-228d43365708','2796fc37-9304-4cec-952d-13bc1b7d4047','64e369f0-9950-4610-84b7-3bd3ad543647','2022-04-24 16:18:08.741','2022-04-24 16:10:31.395'),
	 ('7b624b4e-afc7-4e5d-b4d3-8718d81dff5c','23e3e50a-1f59-4d83-bdea-57f5f0552806','2796fc37-9304-4cec-952d-13bc1b7d4047','64e369f0-9950-4610-84b7-3bd3ad543647','2022-04-07 04:48:41.704','2022-04-07 03:10:43.894'),
	 ('4af8e13c-07b9-40d4-a915-0f68113bef86','50ea0a2a-fdae-43cd-af16-72280aafc6c8','2796fc37-9304-4cec-952d-13bc1b7d4047','64e369f0-9950-4610-84b7-3bd3ad543647','2022-06-17 14:27:28.498','2022-06-17 08:40:11.068'),
	 ('8d914c18-c1ac-4150-9008-6763d981d5fd','597ad0ca-c061-49bb-b44c-7ddfc7a083f2','2796fc37-9304-4cec-952d-13bc1b7d4047','64e369f0-9950-4610-84b7-3bd3ad543647','2023-02-28 12:13:26.352','2023-02-28 10:52:50.326'),
	 ('c6aeb6d8-4a66-4789-86ce-6586ec5ddbf4','50ace097-e47a-4934-bba8-9af813abb9b9','2796fc37-9304-4cec-952d-13bc1b7d4047','64e369f0-9950-4610-84b7-3bd3ad543647','2023-03-28 11:36:41.089','2023-03-28 09:46:26.845'),
	 ('7dd961f0-f8e0-4202-b8a7-dd325ac097ac','10373913-348e-40a3-936c-62608d77478e','2796fc37-9304-4cec-952d-13bc1b7d4047','64e369f0-9950-4610-84b7-3bd3ad543647','2023-08-02 15:28:40.225','2023-08-02 07:18:10.377'),
	 ('f9f7f9f8-1618-4e22-a231-bbe5adf97582','050c96a4-2759-4f18-9f68-896695999a74','2796fc37-9304-4cec-952d-13bc1b7d4047','64e369f0-9950-4610-84b7-3bd3ad543647','2022-03-22 22:38:48.171','2022-03-22 17:09:29.673'),
	 ('0cd0f738-357a-4240-8661-3c7c613da3d5','e69dfe2e-a09f-44dc-ab9e-84d606bb96d4','2796fc37-9304-4cec-952d-13bc1b7d4047','64e369f0-9950-4610-84b7-3bd3ad543647','2023-08-03 08:58:52.635','2023-08-03 01:12:26.945'),
	 ('5d36bc30-75b0-413c-bcc8-22fd3a8444f5','60f6325a-3a47-49f3-a13d-6ac741b88834','2796fc37-9304-4cec-952d-13bc1b7d4047','64e369f0-9950-4610-84b7-3bd3ad543647','2024-01-08 15:21:43.795','2024-01-08 09:07:50.19'),
	 ('a9252f69-1d43-4b44-b6c1-314f3d277766','f57e4c4f-dc58-4527-ae4e-ed8565836014','2796fc37-9304-4cec-952d-13bc1b7d4047','64e369f0-9950-4610-84b7-3bd3ad543647','2022-03-23 15:29:46.911','2022-03-23 12:31:15.712');

INSERT INTO public.flight (id,airplane_id,arrival_airport_id,departure_airport_id,arrival_date,departure_date) VALUES
	 ('b162464a-f2e0-462e-a3f1-7a5d53ed9f0a','600dd048-07ea-42cf-8019-14f017f1db60','2796fc37-9304-4cec-952d-13bc1b7d4047','64e369f0-9950-4610-84b7-3bd3ad543647','2024-03-21 12:57:43.891','2024-03-21 08:19:19.682'),
	 ('77b05b46-7f59-4888-9116-f4b4f3028750','07e53db9-3932-4332-80c6-7122d2dfdd5e','2796fc37-9304-4cec-952d-13bc1b7d4047','64e369f0-9950-4610-84b7-3bd3ad543647','2023-10-22 01:26:47.741','2023-10-21 22:16:34.813'),
	 ('8077ce9f-5387-45b3-8628-94e3c9cf1d52','9c217d80-4f98-4af3-aa34-b34914d13d52','2796fc37-9304-4cec-952d-13bc1b7d4047','64e369f0-9950-4610-84b7-3bd3ad543647','2022-06-17 12:18:27.905','2022-06-17 04:27:47.084'),
	 ('f820a000-2ce8-4f0b-9a85-09f29ca36e2f','5d07aeec-16c7-4c87-9995-92189b8610b0','2796fc37-9304-4cec-952d-13bc1b7d4047','64e369f0-9950-4610-84b7-3bd3ad543647','2022-08-07 08:48:39.646','2022-08-07 07:21:19.194'),
	 ('f8788d53-7602-4bf9-95df-67a77d5efa3c','5b3cea1b-2caa-40b7-b650-497860e6fb34','2796fc37-9304-4cec-952d-13bc1b7d4047','64e369f0-9950-4610-84b7-3bd3ad543647','2022-11-26 21:08:02.718','2022-11-26 11:31:07.244'),
	 ('352bf6f0-71c6-44be-afbb-293915734108','0a15cea7-7aa8-40c2-9572-a324864f1ced','2796fc37-9304-4cec-952d-13bc1b7d4047','64e369f0-9950-4610-84b7-3bd3ad543647','2024-01-11 17:54:39.846','2024-01-11 09:24:36.176'),
	 ('78a0f356-522f-470c-a453-cc70d7fd91af','620a4c44-ec13-4759-a7a4-c013b8755d54','2796fc37-9304-4cec-952d-13bc1b7d4047','64e369f0-9950-4610-84b7-3bd3ad543647','2024-03-23 00:26:15.009','2024-03-22 17:31:05.253'),
	 ('3b709fe3-ceae-4081-bd30-6d9d5d739d99','53bd7957-79af-41be-91c5-3371ff147d6e','2796fc37-9304-4cec-952d-13bc1b7d4047','64e369f0-9950-4610-84b7-3bd3ad543647','2022-06-19 22:09:46.392','2022-06-19 13:33:41.45'),
	 ('13c14f72-088d-4785-9e4b-18cf1d6a3a05','33f51e79-5121-4281-bb48-8b4c20532921','2796fc37-9304-4cec-952d-13bc1b7d4047','64e369f0-9950-4610-84b7-3bd3ad543647','2023-06-24 12:41:00.855','2023-06-24 07:39:42.197'),
	 ('14296c47-3be4-4aff-9458-f8eeef62ca31','4ac6b17a-119a-4e94-8d61-46fe8841dc64','2796fc37-9304-4cec-952d-13bc1b7d4047','64e369f0-9950-4610-84b7-3bd3ad543647','2023-05-21 01:54:35.395','2023-05-20 21:36:47.977');

INSERT INTO public.flight (id,airplane_id,arrival_airport_id,departure_airport_id,arrival_date,departure_date) VALUES
	 ('651d00e3-e0ce-4aa3-a7f0-31b4e0674ab9','b4121412-9faf-4b70-b496-b2c9eeea9183','2796fc37-9304-4cec-952d-13bc1b7d4047','64e369f0-9950-4610-84b7-3bd3ad543647','2024-05-02 07:40:23.138','2024-05-02 05:17:04.902'),
	 ('3152c0c8-3d50-4f5e-994f-9227713353fd','1ee778cb-5851-4668-9f6d-6a909709da0c','2796fc37-9304-4cec-952d-13bc1b7d4047','64e369f0-9950-4610-84b7-3bd3ad543647','2022-07-22 05:20:12.372','2022-07-21 22:24:48.617'),
	 ('a44e2aae-b98a-4957-9e90-9088d3b9f8ed','65645d55-5787-4a38-8842-435d151453c2','2796fc37-9304-4cec-952d-13bc1b7d4047','64e369f0-9950-4610-84b7-3bd3ad543647','2022-10-29 15:49:07.727','2022-10-29 08:30:03.91'),
	 ('3d7ce612-6a6c-4244-bf78-bd22babb1576','a2f14c0d-25ac-435c-b8bd-501a47938b45','2796fc37-9304-4cec-952d-13bc1b7d4047','64e369f0-9950-4610-84b7-3bd3ad543647','2023-08-08 04:59:41.402','2023-08-07 19:24:00.672'),
	 ('2326a382-15a2-4bbf-a813-95ae928543a5','18b7b607-bd5e-4ce2-88a3-228d43365708','2796fc37-9304-4cec-952d-13bc1b7d4047','64e369f0-9950-4610-84b7-3bd3ad543647','2023-03-25 17:26:04.758','2023-03-25 15:54:05.435'),
	 ('a2ff6e2d-19e3-4c2d-bd1b-cddc6a043b8e','23e3e50a-1f59-4d83-bdea-57f5f0552806','2796fc37-9304-4cec-952d-13bc1b7d4047','64e369f0-9950-4610-84b7-3bd3ad543647','2023-10-21 14:29:46.857','2023-10-21 10:34:29.865'),
	 ('dc5c90fc-4d97-4020-a613-9268ffe83fca','50ea0a2a-fdae-43cd-af16-72280aafc6c8','2796fc37-9304-4cec-952d-13bc1b7d4047','64e369f0-9950-4610-84b7-3bd3ad543647','2024-04-25 03:55:45.271','2024-04-24 19:37:50.579'),
	 ('c157db78-a7d7-47ae-9eaa-8380835c2caf','597ad0ca-c061-49bb-b44c-7ddfc7a083f2','2796fc37-9304-4cec-952d-13bc1b7d4047','64e369f0-9950-4610-84b7-3bd3ad543647','2024-04-27 04:18:09.073','2024-04-26 22:03:27.965'),
	 ('75b4f21c-3e63-4f7c-a591-e9fe453b5abc','50ace097-e47a-4934-bba8-9af813abb9b9','2796fc37-9304-4cec-952d-13bc1b7d4047','64e369f0-9950-4610-84b7-3bd3ad543647','2022-05-28 18:04:13.728','2022-05-28 16:06:08.191'),
	 ('324a8197-18a1-4b32-a182-9536c6d0dc6e','10373913-348e-40a3-936c-62608d77478e','2796fc37-9304-4cec-952d-13bc1b7d4047','64e369f0-9950-4610-84b7-3bd3ad543647','2023-04-10 00:12:04.517','2023-04-09 14:41:15.383');

INSERT INTO public.flight (id,airplane_id,arrival_airport_id,departure_airport_id,arrival_date,departure_date) VALUES
	 ('e19b8284-ceff-4721-b903-bca6bf5052e2','050c96a4-2759-4f18-9f68-896695999a74','2796fc37-9304-4cec-952d-13bc1b7d4047','64e369f0-9950-4610-84b7-3bd3ad543647','2022-06-17 10:38:54.76','2022-06-17 09:59:34.178'),
	 ('0f5fe3df-b797-414e-8a13-d4a81e6fd3b4','e69dfe2e-a09f-44dc-ab9e-84d606bb96d4','2796fc37-9304-4cec-952d-13bc1b7d4047','64e369f0-9950-4610-84b7-3bd3ad543647','2024-04-01 20:05:38.588','2024-04-01 14:28:23.745'),
	 ('46ea3c94-b59a-4aa8-b040-2deb8bc396c2','60f6325a-3a47-49f3-a13d-6ac741b88834','2796fc37-9304-4cec-952d-13bc1b7d4047','64e369f0-9950-4610-84b7-3bd3ad543647','2022-07-12 05:19:02.642','2022-07-11 20:31:23.791'),
	 ('e37e1c06-2803-4f0c-9770-2091b1f15330','f57e4c4f-dc58-4527-ae4e-ed8565836014','2796fc37-9304-4cec-952d-13bc1b7d4047','64e369f0-9950-4610-84b7-3bd3ad543647','2022-08-20 00:07:09.072','2022-08-19 17:06:44.44'),
	 ('f235ea9a-af51-45ef-91da-37559da3ff0d','600dd048-07ea-42cf-8019-14f017f1db60','2796fc37-9304-4cec-952d-13bc1b7d4047','64e369f0-9950-4610-84b7-3bd3ad543647','2022-12-20 02:10:32.551','2022-12-20 00:24:52.582'),
	 ('afc63d9c-bd9f-49cc-b3a9-c1730e9a8d46','07e53db9-3932-4332-80c6-7122d2dfdd5e','2796fc37-9304-4cec-952d-13bc1b7d4047','64e369f0-9950-4610-84b7-3bd3ad543647','2022-06-23 17:47:22.758','2022-06-23 12:08:29.687'),
	 ('eea82820-ae3e-45ad-b2e5-91e95cf8f20a','9c217d80-4f98-4af3-aa34-b34914d13d52','2796fc37-9304-4cec-952d-13bc1b7d4047','64e369f0-9950-4610-84b7-3bd3ad543647','2022-06-14 19:44:14.25','2022-06-14 19:16:56.919'),
	 ('6b8bc695-017a-4b96-a2a1-acfffabd3689','5d07aeec-16c7-4c87-9995-92189b8610b0','2796fc37-9304-4cec-952d-13bc1b7d4047','64e369f0-9950-4610-84b7-3bd3ad543647','2023-03-12 09:49:53.995','2023-03-12 07:40:10.068'),
	 ('8c9dc90e-2314-4339-9b02-c12db86d3132','5b3cea1b-2caa-40b7-b650-497860e6fb34','2796fc37-9304-4cec-952d-13bc1b7d4047','64e369f0-9950-4610-84b7-3bd3ad543647','2022-08-19 07:24:29.196','2022-08-19 05:26:39.612'),
	 ('52981888-2732-4ad5-8022-bca041bed8e1','5b3cea1b-2caa-40b7-b650-497860e6fb34','c94512ce-f75a-41ad-b0e8-4d66efa7a660','2796fc37-9304-4cec-952d-13bc1b7d4047','2023-08-20 00:09:36.728','2023-08-19 19:52:34.677');

INSERT INTO public.flight (id,airplane_id,arrival_airport_id,departure_airport_id,arrival_date,departure_date) VALUES
	 ('db03c5e0-b365-4435-9aee-23d5875ad4be','0a15cea7-7aa8-40c2-9572-a324864f1ced','2796fc37-9304-4cec-952d-13bc1b7d4047','64e369f0-9950-4610-84b7-3bd3ad543647','2023-02-11 09:47:52.701','2023-02-11 00:59:49.339'),
	 ('1fd2b3ea-c325-49d6-9a77-70288914fee5','0a15cea7-7aa8-40c2-9572-a324864f1ced','c94512ce-f75a-41ad-b0e8-4d66efa7a660','2796fc37-9304-4cec-952d-13bc1b7d4047','2022-07-03 23:23:27.055','2022-07-03 14:26:34.56'),
	 ('fa5b899a-ec38-40f5-8f22-7bcc229011d2','620a4c44-ec13-4759-a7a4-c013b8755d54','2796fc37-9304-4cec-952d-13bc1b7d4047','64e369f0-9950-4610-84b7-3bd3ad543647','2023-12-17 04:34:45.939','2023-12-16 21:54:21.384'),
	 ('0997ec2c-d835-462f-933a-a4e7cd5f9e45','620a4c44-ec13-4759-a7a4-c013b8755d54','c94512ce-f75a-41ad-b0e8-4d66efa7a660','2796fc37-9304-4cec-952d-13bc1b7d4047','2023-01-01 22:05:36.735','2023-01-01 19:02:52.86'),
	 ('f28b8d92-e151-4270-a684-2e3ddb6acfa2','53bd7957-79af-41be-91c5-3371ff147d6e','2796fc37-9304-4cec-952d-13bc1b7d4047','64e369f0-9950-4610-84b7-3bd3ad543647','2023-09-18 16:27:39.058','2023-09-18 08:29:30.577'),
	 ('52fdb7ad-7116-4c57-99d2-b759c0ddfeef','53bd7957-79af-41be-91c5-3371ff147d6e','c94512ce-f75a-41ad-b0e8-4d66efa7a660','2796fc37-9304-4cec-952d-13bc1b7d4047','2023-06-04 21:30:33.434','2023-06-04 16:19:38.497'),
	 ('267220cd-7b75-4da5-bd60-e9178a9007d5','33f51e79-5121-4281-bb48-8b4c20532921','2796fc37-9304-4cec-952d-13bc1b7d4047','64e369f0-9950-4610-84b7-3bd3ad543647','2022-02-24 20:28:32.683','2022-02-24 12:05:13.076'),
	 ('9a793b36-488b-4dc8-bb23-f47e1b9d4e38','33f51e79-5121-4281-bb48-8b4c20532921','c94512ce-f75a-41ad-b0e8-4d66efa7a660','2796fc37-9304-4cec-952d-13bc1b7d4047','2022-04-05 00:01:32.049','2022-04-04 18:37:57.146'),
	 ('6b6917c0-469d-4c39-81ee-f67e68d73c10','4ac6b17a-119a-4e94-8d61-46fe8841dc64','2796fc37-9304-4cec-952d-13bc1b7d4047','64e369f0-9950-4610-84b7-3bd3ad543647','2023-01-25 14:34:02.81','2023-01-25 13:12:39.185'),
	 ('461dda86-f280-4496-9b08-ddace3291497','4ac6b17a-119a-4e94-8d61-46fe8841dc64','c94512ce-f75a-41ad-b0e8-4d66efa7a660','2796fc37-9304-4cec-952d-13bc1b7d4047','2023-08-04 08:10:50.187','2023-08-04 07:27:40.319');

INSERT INTO public.flight (id,airplane_id,arrival_airport_id,departure_airport_id,arrival_date,departure_date) VALUES
	 ('f47a6ccb-8c96-430f-8c1a-eb5931c8edce','b4121412-9faf-4b70-b496-b2c9eeea9183','2796fc37-9304-4cec-952d-13bc1b7d4047','64e369f0-9950-4610-84b7-3bd3ad543647','2023-06-13 23:54:18.763','2023-06-13 21:46:36.121'),
	 ('5a24c9e3-12fd-41fc-aaf0-655e376de4c6','b4121412-9faf-4b70-b496-b2c9eeea9183','c94512ce-f75a-41ad-b0e8-4d66efa7a660','2796fc37-9304-4cec-952d-13bc1b7d4047','2023-03-23 21:38:00.223','2023-03-23 13:29:58.034'),
	 ('d266df3f-1345-4b7a-89ff-bfb0a7708b2f','1ee778cb-5851-4668-9f6d-6a909709da0c','2796fc37-9304-4cec-952d-13bc1b7d4047','64e369f0-9950-4610-84b7-3bd3ad543647','2021-12-09 16:19:57.197','2021-12-09 12:19:51.772'),
	 ('300fd6dd-77b7-4b0e-a871-8944b5558bf8','1ee778cb-5851-4668-9f6d-6a909709da0c','c94512ce-f75a-41ad-b0e8-4d66efa7a660','2796fc37-9304-4cec-952d-13bc1b7d4047','2022-12-24 16:43:54.061','2022-12-24 07:28:29.214'),
	 ('3bd3d4b0-5787-4f0e-a1c5-4a726b76bcd4','65645d55-5787-4a38-8842-435d151453c2','2796fc37-9304-4cec-952d-13bc1b7d4047','64e369f0-9950-4610-84b7-3bd3ad543647','2023-03-31 17:08:31.507','2023-03-31 12:43:25.443'),
	 ('ff7379e5-f5a2-4718-a90e-48a72f295ef2','65645d55-5787-4a38-8842-435d151453c2','c94512ce-f75a-41ad-b0e8-4d66efa7a660','2796fc37-9304-4cec-952d-13bc1b7d4047','2023-10-01 19:59:21.099','2023-10-01 19:23:24.322'),
	 ('df448504-c2cd-4ebf-a5f0-7b9c224e7186','a2f14c0d-25ac-435c-b8bd-501a47938b45','2796fc37-9304-4cec-952d-13bc1b7d4047','64e369f0-9950-4610-84b7-3bd3ad543647','2023-02-13 06:26:28.349','2023-02-13 01:57:37.518'),
	 ('1b951968-7358-4986-9d9c-74a9af6558a8','a2f14c0d-25ac-435c-b8bd-501a47938b45','c94512ce-f75a-41ad-b0e8-4d66efa7a660','2796fc37-9304-4cec-952d-13bc1b7d4047','2024-01-08 14:47:19.074','2024-01-08 07:05:45.099'),
	 ('9e162e06-e7c2-4c61-9217-88209d7959cb','18b7b607-bd5e-4ce2-88a3-228d43365708','2796fc37-9304-4cec-952d-13bc1b7d4047','64e369f0-9950-4610-84b7-3bd3ad543647','2023-06-29 15:47:20.285','2023-06-29 14:22:55.877'),
	 ('0f2fe66d-9ded-4102-bdae-d39483703221','18b7b607-bd5e-4ce2-88a3-228d43365708','c94512ce-f75a-41ad-b0e8-4d66efa7a660','2796fc37-9304-4cec-952d-13bc1b7d4047','2022-06-30 07:54:55.75','2022-06-30 06:30:50.592');

INSERT INTO public.flight (id,airplane_id,arrival_airport_id,departure_airport_id,arrival_date,departure_date) VALUES
	 ('69782084-3f72-41c5-9915-fb30c0b415a3','23e3e50a-1f59-4d83-bdea-57f5f0552806','2796fc37-9304-4cec-952d-13bc1b7d4047','64e369f0-9950-4610-84b7-3bd3ad543647','2021-12-10 02:29:01.536','2021-12-09 16:40:38.475'),
	 ('cfe40c47-791d-4667-ab76-1783de62f0b6','23e3e50a-1f59-4d83-bdea-57f5f0552806','c94512ce-f75a-41ad-b0e8-4d66efa7a660','2796fc37-9304-4cec-952d-13bc1b7d4047','2023-08-16 17:10:08.983','2023-08-16 07:13:29.352'),
	 ('3391fef7-5ddc-4d6c-8e0b-5d0709ac618b','50ea0a2a-fdae-43cd-af16-72280aafc6c8','2796fc37-9304-4cec-952d-13bc1b7d4047','64e369f0-9950-4610-84b7-3bd3ad543647','2023-05-23 13:55:08.619','2023-05-23 09:37:04.852'),
	 ('a96a99dd-e646-45f4-bc66-3d80c39d9448','50ea0a2a-fdae-43cd-af16-72280aafc6c8','c94512ce-f75a-41ad-b0e8-4d66efa7a660','2796fc37-9304-4cec-952d-13bc1b7d4047','2023-02-14 09:12:26.039','2023-02-14 08:28:47.104'),
	 ('c8fa9693-def1-442e-8b0a-3665abd52475','597ad0ca-c061-49bb-b44c-7ddfc7a083f2','2796fc37-9304-4cec-952d-13bc1b7d4047','64e369f0-9950-4610-84b7-3bd3ad543647','2023-01-11 02:45:11.212','2023-01-10 23:46:46.546'),
	 ('56aab4fa-20cb-44d3-bd2b-a02b8d93a7ef','597ad0ca-c061-49bb-b44c-7ddfc7a083f2','c94512ce-f75a-41ad-b0e8-4d66efa7a660','2796fc37-9304-4cec-952d-13bc1b7d4047','2022-01-29 08:02:24.166','2022-01-29 06:05:51.436'),
	 ('a97b5e17-4fe5-46f1-ac86-e6de71a92c98','50ace097-e47a-4934-bba8-9af813abb9b9','2796fc37-9304-4cec-952d-13bc1b7d4047','64e369f0-9950-4610-84b7-3bd3ad543647','2021-12-25 20:17:28.527','2021-12-25 11:52:44.868'),
	 ('626bae5e-7403-41ad-be24-183689a7ea10','50ace097-e47a-4934-bba8-9af813abb9b9','c94512ce-f75a-41ad-b0e8-4d66efa7a660','2796fc37-9304-4cec-952d-13bc1b7d4047','2023-01-09 05:08:23.989','2023-01-09 00:03:50.66'),
	 ('43deac1b-c7ec-4faf-89ba-f4303fcfb445','10373913-348e-40a3-936c-62608d77478e','2796fc37-9304-4cec-952d-13bc1b7d4047','64e369f0-9950-4610-84b7-3bd3ad543647','2022-04-28 10:26:50.934','2022-04-28 09:44:52.585'),
	 ('b22b06af-4888-46c6-9a3c-e1fc1c635018','10373913-348e-40a3-936c-62608d77478e','c94512ce-f75a-41ad-b0e8-4d66efa7a660','2796fc37-9304-4cec-952d-13bc1b7d4047','2024-03-28 14:00:04.714','2024-03-28 08:02:02.586');

INSERT INTO public.flight (id,airplane_id,arrival_airport_id,departure_airport_id,arrival_date,departure_date) VALUES
	 ('1e04bdff-b6a5-47f6-b889-b9f878b4c6a4','050c96a4-2759-4f18-9f68-896695999a74','2796fc37-9304-4cec-952d-13bc1b7d4047','64e369f0-9950-4610-84b7-3bd3ad543647','2021-12-23 03:55:12.781','2021-12-22 23:19:20.836'),
	 ('21197fc5-c19d-42aa-895e-73a12f983d90','050c96a4-2759-4f18-9f68-896695999a74','c94512ce-f75a-41ad-b0e8-4d66efa7a660','2796fc37-9304-4cec-952d-13bc1b7d4047','2022-03-23 05:10:19.401','2022-03-23 01:18:54.247'),
	 ('84cd066d-c1b1-43ec-b06a-4c0a1a2e2060','e69dfe2e-a09f-44dc-ab9e-84d606bb96d4','2796fc37-9304-4cec-952d-13bc1b7d4047','64e369f0-9950-4610-84b7-3bd3ad543647','2023-12-08 21:48:32.516','2023-12-08 20:24:56.371'),
	 ('68bf8a27-959a-4257-bedb-7ee9d778e0e6','e69dfe2e-a09f-44dc-ab9e-84d606bb96d4','c94512ce-f75a-41ad-b0e8-4d66efa7a660','2796fc37-9304-4cec-952d-13bc1b7d4047','2024-01-11 12:15:43.536','2024-01-11 07:16:19.722'),
	 ('ea344b67-38a6-41c3-ae18-b363feb56c71','60f6325a-3a47-49f3-a13d-6ac741b88834','2796fc37-9304-4cec-952d-13bc1b7d4047','64e369f0-9950-4610-84b7-3bd3ad543647','2022-03-25 23:47:53.919','2022-03-25 19:24:20.49'),
	 ('81857690-7056-495d-88cf-d7c4ac43bb2b','60f6325a-3a47-49f3-a13d-6ac741b88834','c94512ce-f75a-41ad-b0e8-4d66efa7a660','2796fc37-9304-4cec-952d-13bc1b7d4047','2023-11-11 11:15:33.137','2023-11-11 01:29:32.273'),
	 ('2079c54c-4689-4e0e-b34a-f05595155784','f57e4c4f-dc58-4527-ae4e-ed8565836014','2796fc37-9304-4cec-952d-13bc1b7d4047','64e369f0-9950-4610-84b7-3bd3ad543647','2022-02-27 18:14:53.384','2022-02-27 12:21:15.79'),
	 ('9a514b44-c889-4c86-a25e-6c6334a8a50f','f57e4c4f-dc58-4527-ae4e-ed8565836014','c94512ce-f75a-41ad-b0e8-4d66efa7a660','2796fc37-9304-4cec-952d-13bc1b7d4047','2023-11-12 20:34:22.372','2023-11-12 20:23:21.883'),
	 ('dc47c02c-4901-4470-aec7-644b32db906a','600dd048-07ea-42cf-8019-14f017f1db60','2796fc37-9304-4cec-952d-13bc1b7d4047','64e369f0-9950-4610-84b7-3bd3ad543647','2021-12-16 12:03:14.509','2021-12-16 09:26:21.742'),
	 ('10c83ff6-66d1-4e01-b461-088ca7600473','600dd048-07ea-42cf-8019-14f017f1db60','c94512ce-f75a-41ad-b0e8-4d66efa7a660','2796fc37-9304-4cec-952d-13bc1b7d4047','2023-03-08 23:41:40.37','2023-03-08 16:20:35.037');

INSERT INTO public.flight (id,airplane_id,arrival_airport_id,departure_airport_id,arrival_date,departure_date) VALUES
	 ('7b21df62-3a66-4096-8318-d08c3540fbf5','07e53db9-3932-4332-80c6-7122d2dfdd5e','2796fc37-9304-4cec-952d-13bc1b7d4047','64e369f0-9950-4610-84b7-3bd3ad543647','2021-11-23 02:58:58.596','2021-11-22 20:58:01.052'),
	 ('89470488-9dcf-498b-8c43-0578fcfef6d5','07e53db9-3932-4332-80c6-7122d2dfdd5e','c94512ce-f75a-41ad-b0e8-4d66efa7a660','2796fc37-9304-4cec-952d-13bc1b7d4047','2023-11-10 08:04:24.008','2023-11-10 00:48:21.827'),
	 ('98d997e4-818c-491b-9ba2-0f7efe1fb764','9c217d80-4f98-4af3-aa34-b34914d13d52','2796fc37-9304-4cec-952d-13bc1b7d4047','64e369f0-9950-4610-84b7-3bd3ad543647','2022-10-27 10:19:58.164','2022-10-27 06:35:45.855'),
	 ('6c36760a-844e-471e-911d-06ea38a02236','9c217d80-4f98-4af3-aa34-b34914d13d52','c94512ce-f75a-41ad-b0e8-4d66efa7a660','2796fc37-9304-4cec-952d-13bc1b7d4047','2022-08-17 22:53:07.148','2022-08-17 16:12:45.197'),
	 ('939f7741-8782-4eb2-9d2a-b4d0beffc11a','5d07aeec-16c7-4c87-9995-92189b8610b0','2796fc37-9304-4cec-952d-13bc1b7d4047','64e369f0-9950-4610-84b7-3bd3ad543647','2024-02-13 07:14:13.553','2024-02-12 22:47:29.369'),
	 ('8ea3b42d-14f1-4c7c-9781-81e72c32ba43','5d07aeec-16c7-4c87-9995-92189b8610b0','c94512ce-f75a-41ad-b0e8-4d66efa7a660','2796fc37-9304-4cec-952d-13bc1b7d4047','2023-08-11 06:43:50.569','2023-08-10 20:52:52.068');

INSERT INTO public.ticket (id,flight_id,flight_class,flight_cost) VALUES
	 ('c14d62e9-260c-4a0a-b081-eceba4392eaf','a8692d35-adcd-493f-99b8-1f98add4a524','1',385.47),
	 ('977c8c05-4a6a-4e0b-ada4-ebc00c6157ad','a8692d35-adcd-493f-99b8-1f98add4a524','0',3257.59),
	 ('f8e0b6cb-df3e-4b8e-8782-b38440af33d8','a347cb19-dd4a-4ee3-a55f-0be9ace9b2c3','1',690.91),
	 ('fb82a84d-f97b-415f-9624-d4bb69576236','a347cb19-dd4a-4ee3-a55f-0be9ace9b2c3','0',1765.15),
	 ('586fbfb8-6903-4184-9aab-8bf0c4b5507f','21370e22-443c-4625-afab-c05bc850921b','1',1306.44),
	 ('9209fb22-53e9-4850-bd95-7c6210b07a0a','21370e22-443c-4625-afab-c05bc850921b','0',4794.74),
	 ('693cb091-94a0-45fb-999f-6bc0d356c7a8','d3e94bb3-51fe-4a7d-b323-82172b31c1f3','1',1586.76),
	 ('d767a65f-749f-4e61-8b4d-8fbb2413130b','d3e94bb3-51fe-4a7d-b323-82172b31c1f3','0',1195.21),
	 ('bbd0f5f2-80f5-48ac-acb4-e821c0a9aab0','2b945395-3492-4b34-8ba4-3bfbacb73b21','1',2630.97),
	 ('ff610050-3aaf-4f4b-a1f6-51612f2e91c4','2b945395-3492-4b34-8ba4-3bfbacb73b21','0',1614.28);

INSERT INTO public.ticket (id,flight_id,flight_class,flight_cost) VALUES
	 ('cfdce087-a18a-41fc-8646-e73d9825a216','74d54d8e-bcac-4221-b6aa-d5c6c3c30e5c','1',1383.37),
	 ('9df70639-5913-4726-bf76-2dd651389a8b','74d54d8e-bcac-4221-b6aa-d5c6c3c30e5c','0',1297.34),
	 ('0c80284c-594d-4928-a4e1-afff09bff04a','fe0633e6-e2b3-4def-99c5-dc003db77b8b','1',1288.5),
	 ('aabdf3fe-64a8-4e97-bb0f-d4811547bcd7','fe0633e6-e2b3-4def-99c5-dc003db77b8b','0',4918.11),
	 ('544e885d-03e7-48ef-a486-75a338fc0f70','96ea3707-5d07-4688-9ed5-b9c940c04d52','1',1391.17),
	 ('c9bf5b43-1b60-4c15-827e-7562da209693','96ea3707-5d07-4688-9ed5-b9c940c04d52','0',1551.95),
	 ('3f26d541-f688-40a3-acf8-f0bcde790a7a','48763305-8445-4e4f-80be-a6a25d6aee90','1',796.65),
	 ('c9b4f4de-ec70-4e29-9359-01d1e4e8d36d','48763305-8445-4e4f-80be-a6a25d6aee90','0',3970.07),
	 ('e82600f1-1623-4be6-bd80-0ca702ed7c06','e01714a2-8921-4d5e-a470-bb24daa8c342','1',1029.44),
	 ('26f2e30f-76de-490e-83e1-7ab0a6bd28bb','e01714a2-8921-4d5e-a470-bb24daa8c342','0',1415.21);

INSERT INTO public.ticket (id,flight_id,flight_class,flight_cost) VALUES
	 ('cb1bc9fe-5514-45b8-b4ab-c3ec107618ba','7b624b4e-afc7-4e5d-b4d3-8718d81dff5c','1',2449.39),
	 ('33013fb1-8407-422e-b4a9-857889a7491a','7b624b4e-afc7-4e5d-b4d3-8718d81dff5c','0',2851.39),
	 ('e49723dc-8a32-47e2-a22f-bd619f5a2b5b','4af8e13c-07b9-40d4-a915-0f68113bef86','1',2185.84),
	 ('8112b813-a82d-4793-834d-e317ffff27d3','4af8e13c-07b9-40d4-a915-0f68113bef86','0',2695.37),
	 ('934761ba-d5a7-4637-94b7-775cb9fac962','8d914c18-c1ac-4150-9008-6763d981d5fd','1',2618.75),
	 ('bd1f47d8-5cbd-4743-814f-050b2b025209','8d914c18-c1ac-4150-9008-6763d981d5fd','0',671.72),
	 ('6408281d-652e-47e6-88c2-e1be1a7d40f2','c6aeb6d8-4a66-4789-86ce-6586ec5ddbf4','1',1930.87),
	 ('30c6fdb8-b344-4549-a421-fd95af962443','c6aeb6d8-4a66-4789-86ce-6586ec5ddbf4','0',4576),
	 ('3566484b-51d1-4350-8700-77d181159222','7dd961f0-f8e0-4202-b8a7-dd325ac097ac','1',1196.62),
	 ('044fad68-df13-40ec-a433-81759d14e14a','7dd961f0-f8e0-4202-b8a7-dd325ac097ac','0',2076.29);

INSERT INTO public.ticket (id,flight_id,flight_class,flight_cost) VALUES
	 ('a4d1420b-921f-4ddd-aaea-21d7120036ed','f9f7f9f8-1618-4e22-a231-bbe5adf97582','1',2364.12),
	 ('2f4a99c0-5299-469f-82a2-f5097fdce58a','f9f7f9f8-1618-4e22-a231-bbe5adf97582','0',3998.36),
	 ('7b20c689-c56c-49f9-b34d-40e1b00bb1fd','0cd0f738-357a-4240-8661-3c7c613da3d5','1',763.77),
	 ('1e476321-328f-40d9-a55b-59de1b35fc0c','0cd0f738-357a-4240-8661-3c7c613da3d5','0',3453.03),
	 ('37836c29-48be-42e9-a6ff-81c17ae0e40e','5d36bc30-75b0-413c-bcc8-22fd3a8444f5','1',1090.57),
	 ('52136500-2761-4102-87e1-5712ed924750','5d36bc30-75b0-413c-bcc8-22fd3a8444f5','0',1158.75),
	 ('274651f0-55c5-40f3-b243-967e6a304a01','a9252f69-1d43-4b44-b6c1-314f3d277766','1',2464.14),
	 ('9f35a0bf-e263-4165-a3fd-141814fdb795','a9252f69-1d43-4b44-b6c1-314f3d277766','0',3817.33),
	 ('42f3ce2f-5f05-4525-bbc6-651d731656aa','b162464a-f2e0-462e-a3f1-7a5d53ed9f0a','1',225.63),
	 ('a7e7c80c-8c21-434c-a27a-4e7319cc3b48','b162464a-f2e0-462e-a3f1-7a5d53ed9f0a','0',1090.65);

INSERT INTO public.ticket (id,flight_id,flight_class,flight_cost) VALUES
	 ('a0aeaf06-9072-4e40-bd4e-0e3fb6c2bf6e','77b05b46-7f59-4888-9116-f4b4f3028750','1',1063.46),
	 ('37e0e973-4066-467f-9711-09068c83b13c','77b05b46-7f59-4888-9116-f4b4f3028750','0',1769.94),
	 ('1348a1db-43b4-4864-b552-98f5024c31fc','8077ce9f-5387-45b3-8628-94e3c9cf1d52','1',1861.66),
	 ('da35585a-bbb4-42dc-8bdd-5a985367213d','8077ce9f-5387-45b3-8628-94e3c9cf1d52','0',2888.09),
	 ('0dd96804-99c3-41be-a511-843b77eb070c','f820a000-2ce8-4f0b-9a85-09f29ca36e2f','1',952.06),
	 ('8e54c2ca-b8df-43e6-aa25-93f6767901ac','f820a000-2ce8-4f0b-9a85-09f29ca36e2f','0',2856.33);

INSERT INTO public.purchased_ticket (id,user_id,ticket_id,"date") VALUES
	 ('f0e124cd-c90d-402e-a45b-9817f67d4e72','635477b2-150c-4c35-961e-be7fd452532e','c14d62e9-260c-4a0a-b081-eceba4392eaf','2012-07-16'),
	 ('369127cf-51fb-4cd2-acee-6ee811dd02f2','635477b2-150c-4c35-961e-be7fd452532e','c14d62e9-260c-4a0a-b081-eceba4392eaf','2012-07-16'),
	 ('fd11b6ea-fe43-4f5d-815c-1632b2e4cb1e','635477b2-150c-4c35-961e-be7fd452532e','c14d62e9-260c-4a0a-b081-eceba4392eaf','2012-07-16'),
	 ('c22014f7-7aa0-42e7-b2d2-df7c969e8685','635477b2-150c-4c35-961e-be7fd452532e','c14d62e9-260c-4a0a-b081-eceba4392eaf','2012-07-16'),
	 ('9a593837-2968-4d43-91d3-0a6d7be88f8a','635477b2-150c-4c35-961e-be7fd452532e','c14d62e9-260c-4a0a-b081-eceba4392eaf','2012-07-16'),
	 ('06a735d3-15e2-417d-babb-efd08ada1631','635477b2-150c-4c35-961e-be7fd452532e','c14d62e9-260c-4a0a-b081-eceba4392eaf','2012-07-16'),
	 ('519c8626-cbcf-4a75-9ffb-8204d7c33199','635477b2-150c-4c35-961e-be7fd452532e','977c8c05-4a6a-4e0b-ada4-ebc00c6157ad','2012-07-16'),
	 ('3e37c096-77a0-4b14-92d0-730d9ebdb85d','635477b2-150c-4c35-961e-be7fd452532e','977c8c05-4a6a-4e0b-ada4-ebc00c6157ad','2012-07-16'),
	 ('1ff6b9d5-e500-40a1-a129-03072707ee92','635477b2-150c-4c35-961e-be7fd452532e','977c8c05-4a6a-4e0b-ada4-ebc00c6157ad','2012-07-16');

INSERT INTO public.privilege (id,"name") VALUES
	 ('03c0fdef-6727-48b2-a442-9db729e25516','READ_AIRCOMPANY_PRIVILEGE'),
	 ('a8f05722-7566-4122-9d3a-b5b28670c907','WRITE_AIRCOMPANY_PRIVILEGE'),
	 ('2c543f70-b76a-405f-8c2d-8820f47322f2','DELETE_AIRCOMPANY_PRIVILEGE'),
	 ('6ae73ab4-4e98-4b53-b173-31a5581b028b','READ_AIRPLANE_PRIVILEGE'),
	 ('949772ce-cd77-403e-860b-eb619ded37a8','WRITE_AIRPLANE_PRIVILEGE'),
	 ('09baab64-b8c6-478a-8cd3-0f183b12e5d5','DELETE_AIRPLANE_PRIVILEGE'),
	 ('970c42d0-3743-4281-8470-1e9723d8df34','READ_AIRPLANE_MODEL_PRIVILEGE'),
	 ('cdfe1ba5-bff6-405f-b79f-85267109a676','WRITE_AIRPLANE_MODEL_PRIVILEGE'),
	 ('3655fd91-b46a-47ac-87a3-52512c076536','DELETE_AIRPLANE_MODEL_PRIVILEGE'),
	 ('e29f9088-2133-4c60-9c36-22bafd9e07b6','READ_AIRPORT_PRIVILEGE');

INSERT INTO public.privilege (id,"name") VALUES
	 ('97d6c7db-db6c-4ccd-a21c-9dd5b50365b5','WRITE_AIRPORT_PRIVILEGE'),
	 ('c671e51e-d877-4fa9-88f0-762f72797952','DELETE_AIRPORT_PRIVILEGE'),
	 ('9a3acc0f-54eb-447b-a36d-ea6ce6b82f75','READ_FLIGHT_PRIVILEGE'),
	 ('2ffa3c05-c7c7-4b01-aa32-d1aa7cc18c5f','WRITE_FLIGHT_PRIVILEGE'),
	 ('bfd6b483-e656-4a88-a3ce-84c26d1926c5','DELETE_FLIGHT_PRIVILEGE'),
	 ('4b92b84c-43d8-406e-8e28-be688e848800','READ_PRIVILEGE_PRIVILEGE'),
	 ('2b3591c4-6492-42de-b54e-eda14e736b81','WRITE_PRIVILEGE_PRIVILEGE'),
	 ('fdf1df0b-4adb-441f-87a5-ecabfc7710a3','DELETE_PRIVILEGE_PRIVILEGE'),
	 ('15c5bf3a-b2c7-40bc-ae26-6c71af679f4f','READ_ROLE_PRIVILEGE'),
	 ('b7874df4-261e-4945-853c-207e2f2a70b9','WRITE_ROLE_PRIVILEGE');

INSERT INTO public.privilege (id,"name") VALUES
	 ('24938f86-6439-4506-87b4-25271c70b9ae','DELETE_ROLE_PRIVILEGE'),
	 ('9a1ce318-1627-48c2-a853-0856385aa5d5','READ_TICKET_PRIVILEGE'),
	 ('d04de658-bfc9-4ee3-9ff6-692a402950ed','WRITE_TICKET_PRIVILEGE'),
	 ('687492a6-6bfd-4512-85cd-ae749ce2b052','DELETE_TICKET_PRIVILEGE'),
	 ('d1112116-0821-4703-9b06-5d98aa255774','READ_PURCHASED_TICKET_PRIVILEGE'),
	 ('58c7106e-e2cf-494e-ab54-1b9b4096bd17','WRITE_PURCHASED_TICKET_PRIVILEGE'),
	 ('ed3b505a-a7f0-4a85-b848-80e0dcd2db0e','DELETE_PURCHASED_TICKET_PRIVILEGE'),
	 ('1fc19511-faff-4c67-8c46-408a5b86734e','READ_USER_PRIVILEGE'),
	 ('268f5983-ab27-4ac3-a8e4-0222a5be1318','WRITE_USER_PRIVILEGE'),
	 ('d30a0b3e-73a4-4344-9a20-49938f884c89','DELETE_USER_PRIVILEGE');

INSERT INTO public."role" (id,"name") VALUES
	 ('801ae8ec-ef70-465a-9f93-81a60c6c8965','ROLE_ADMIN'),
	 ('7c5e7cb1-1313-4664-a56b-f451882d3e12','ROLE_USER'),
	 ('e5a935f2-4cfe-4413-9e75-cdd3e9a89534','ROLE_STUFF');

INSERT INTO public.roles_privileges (role_id,privilege_id) VALUES
	 ('801ae8ec-ef70-465a-9f93-81a60c6c8965','03c0fdef-6727-48b2-a442-9db729e25516'),
	 ('801ae8ec-ef70-465a-9f93-81a60c6c8965','a8f05722-7566-4122-9d3a-b5b28670c907'),
	 ('801ae8ec-ef70-465a-9f93-81a60c6c8965','2c543f70-b76a-405f-8c2d-8820f47322f2'),
	 ('801ae8ec-ef70-465a-9f93-81a60c6c8965','6ae73ab4-4e98-4b53-b173-31a5581b028b'),
	 ('801ae8ec-ef70-465a-9f93-81a60c6c8965','949772ce-cd77-403e-860b-eb619ded37a8'),
	 ('801ae8ec-ef70-465a-9f93-81a60c6c8965','09baab64-b8c6-478a-8cd3-0f183b12e5d5'),
	 ('801ae8ec-ef70-465a-9f93-81a60c6c8965','970c42d0-3743-4281-8470-1e9723d8df34'),
	 ('801ae8ec-ef70-465a-9f93-81a60c6c8965','cdfe1ba5-bff6-405f-b79f-85267109a676'),
	 ('801ae8ec-ef70-465a-9f93-81a60c6c8965','3655fd91-b46a-47ac-87a3-52512c076536'),
	 ('801ae8ec-ef70-465a-9f93-81a60c6c8965','e29f9088-2133-4c60-9c36-22bafd9e07b6');

INSERT INTO public.roles_privileges (role_id,privilege_id) VALUES
	 ('801ae8ec-ef70-465a-9f93-81a60c6c8965','97d6c7db-db6c-4ccd-a21c-9dd5b50365b5'),
	 ('801ae8ec-ef70-465a-9f93-81a60c6c8965','c671e51e-d877-4fa9-88f0-762f72797952'),
	 ('801ae8ec-ef70-465a-9f93-81a60c6c8965','9a3acc0f-54eb-447b-a36d-ea6ce6b82f75'),
	 ('801ae8ec-ef70-465a-9f93-81a60c6c8965','2ffa3c05-c7c7-4b01-aa32-d1aa7cc18c5f'),
	 ('801ae8ec-ef70-465a-9f93-81a60c6c8965','bfd6b483-e656-4a88-a3ce-84c26d1926c5'),
	 ('801ae8ec-ef70-465a-9f93-81a60c6c8965','4b92b84c-43d8-406e-8e28-be688e848800'),
	 ('801ae8ec-ef70-465a-9f93-81a60c6c8965','2b3591c4-6492-42de-b54e-eda14e736b81'),
	 ('801ae8ec-ef70-465a-9f93-81a60c6c8965','fdf1df0b-4adb-441f-87a5-ecabfc7710a3'),
	 ('801ae8ec-ef70-465a-9f93-81a60c6c8965','15c5bf3a-b2c7-40bc-ae26-6c71af679f4f'),
	 ('801ae8ec-ef70-465a-9f93-81a60c6c8965','b7874df4-261e-4945-853c-207e2f2a70b9');

INSERT INTO public.roles_privileges (role_id,privilege_id) VALUES
	 ('801ae8ec-ef70-465a-9f93-81a60c6c8965','24938f86-6439-4506-87b4-25271c70b9ae'),
	 ('801ae8ec-ef70-465a-9f93-81a60c6c8965','9a1ce318-1627-48c2-a853-0856385aa5d5'),
	 ('801ae8ec-ef70-465a-9f93-81a60c6c8965','d04de658-bfc9-4ee3-9ff6-692a402950ed'),
	 ('801ae8ec-ef70-465a-9f93-81a60c6c8965','687492a6-6bfd-4512-85cd-ae749ce2b052'),
	 ('801ae8ec-ef70-465a-9f93-81a60c6c8965','d1112116-0821-4703-9b06-5d98aa255774'),
	 ('801ae8ec-ef70-465a-9f93-81a60c6c8965','58c7106e-e2cf-494e-ab54-1b9b4096bd17'),
	 ('801ae8ec-ef70-465a-9f93-81a60c6c8965','ed3b505a-a7f0-4a85-b848-80e0dcd2db0e'),
	 ('801ae8ec-ef70-465a-9f93-81a60c6c8965','1fc19511-faff-4c67-8c46-408a5b86734e'),
	 ('801ae8ec-ef70-465a-9f93-81a60c6c8965','268f5983-ab27-4ac3-a8e4-0222a5be1318'),
	 ('801ae8ec-ef70-465a-9f93-81a60c6c8965','d30a0b3e-73a4-4344-9a20-49938f884c89');

INSERT INTO public.roles_privileges (role_id,privilege_id) VALUES
	 ('7c5e7cb1-1313-4664-a56b-f451882d3e12','03c0fdef-6727-48b2-a442-9db729e25516'),
	 ('7c5e7cb1-1313-4664-a56b-f451882d3e12','6ae73ab4-4e98-4b53-b173-31a5581b028b'),
	 ('7c5e7cb1-1313-4664-a56b-f451882d3e12','970c42d0-3743-4281-8470-1e9723d8df34'),
	 ('7c5e7cb1-1313-4664-a56b-f451882d3e12','e29f9088-2133-4c60-9c36-22bafd9e07b6'),
	 ('7c5e7cb1-1313-4664-a56b-f451882d3e12','9a3acc0f-54eb-447b-a36d-ea6ce6b82f75'),
	 ('e5a935f2-4cfe-4413-9e75-cdd3e9a89534','03c0fdef-6727-48b2-a442-9db729e25516'),
	 ('e5a935f2-4cfe-4413-9e75-cdd3e9a89534','a8f05722-7566-4122-9d3a-b5b28670c907'),
	 ('e5a935f2-4cfe-4413-9e75-cdd3e9a89534','6ae73ab4-4e98-4b53-b173-31a5581b028b'),
	 ('e5a935f2-4cfe-4413-9e75-cdd3e9a89534','949772ce-cd77-403e-860b-eb619ded37a8'),
	 ('e5a935f2-4cfe-4413-9e75-cdd3e9a89534','970c42d0-3743-4281-8470-1e9723d8df34');

INSERT INTO public.roles_privileges (role_id,privilege_id) VALUES
	 ('e5a935f2-4cfe-4413-9e75-cdd3e9a89534','cdfe1ba5-bff6-405f-b79f-85267109a676'),
	 ('e5a935f2-4cfe-4413-9e75-cdd3e9a89534','e29f9088-2133-4c60-9c36-22bafd9e07b6'),
	 ('e5a935f2-4cfe-4413-9e75-cdd3e9a89534','97d6c7db-db6c-4ccd-a21c-9dd5b50365b5'),
	 ('e5a935f2-4cfe-4413-9e75-cdd3e9a89534','9a3acc0f-54eb-447b-a36d-ea6ce6b82f75'),
	 ('e5a935f2-4cfe-4413-9e75-cdd3e9a89534','2ffa3c05-c7c7-4b01-aa32-d1aa7cc18c5f'),
	 ('e5a935f2-4cfe-4413-9e75-cdd3e9a89534','4b92b84c-43d8-406e-8e28-be688e848800'),
	 ('e5a935f2-4cfe-4413-9e75-cdd3e9a89534','2b3591c4-6492-42de-b54e-eda14e736b81'),
	 ('e5a935f2-4cfe-4413-9e75-cdd3e9a89534','15c5bf3a-b2c7-40bc-ae26-6c71af679f4f'),
	 ('e5a935f2-4cfe-4413-9e75-cdd3e9a89534','b7874df4-261e-4945-853c-207e2f2a70b9'),
	 ('e5a935f2-4cfe-4413-9e75-cdd3e9a89534','9a1ce318-1627-48c2-a853-0856385aa5d5');

INSERT INTO public.roles_privileges (role_id,privilege_id) VALUES
	 ('e5a935f2-4cfe-4413-9e75-cdd3e9a89534','d04de658-bfc9-4ee3-9ff6-692a402950ed'),
	 ('e5a935f2-4cfe-4413-9e75-cdd3e9a89534','d1112116-0821-4703-9b06-5d98aa255774'),
	 ('e5a935f2-4cfe-4413-9e75-cdd3e9a89534','58c7106e-e2cf-494e-ab54-1b9b4096bd17'),
	 ('e5a935f2-4cfe-4413-9e75-cdd3e9a89534','1fc19511-faff-4c67-8c46-408a5b86734e'),
	 ('e5a935f2-4cfe-4413-9e75-cdd3e9a89534','268f5983-ab27-4ac3-a8e4-0222a5be1318');

INSERT INTO public.users_roles (user_id,role_id) VALUES
	 ('e6217e2a-5119-4f41-aab8-a32147683ce8','801ae8ec-ef70-465a-9f93-81a60c6c8965'),
	 ('635477b2-150c-4c35-961e-be7fd452532e','7c5e7cb1-1313-4664-a56b-f451882d3e12'),
	 ('b0c6e5a5-59fd-4066-a724-de6f1b8747db','e5a935f2-4cfe-4413-9e75-cdd3e9a89534'),
	 ('ac946ff1-4ccd-47ca-88db-667ddeea88e5','7c5e7cb1-1313-4664-a56b-f451882d3e12');


